﻿<?xml version="1.0"?>
<doc>
<assembly>
<name>
UniquePMS
</name>
</assembly>
<members>
<member name="T:UniquePMS.ErpDataHelper">
	<summary>
DataHelper 的摘要说明
 </summary>
</member><member name="M:UniquePMS.frmStock.LoadAndyData(System.String)">
	<summary>
 读取已导的数据
 </summary>
	<param name="strOrder"></param>
	<remarks></remarks>
</member><member name="M:UniquePMS.frmOutStock.LoadUniqueData">
	<summary>
 取到来源数据
 </summary>
	<remarks></remarks>
</member><member name="M:UniquePMS.frmOutStock.LoadAndyData(System.String)">
	<summary>
 读取已导的数据
 </summary>
	<param name="strOrder"></param>
	<remarks></remarks>
</member><member name="M:UniquePMS.frmInStockQuery.LoadAndyData(System.String)">
	<summary>
 读取已导的数据
 </summary>
	<param name="strOrder"></param>
	<remarks></remarks>
</member><member name="M:UniquePMS.WebReference.Service.#ctor">
	<remarks/>
</member><member name="E:UniquePMS.WebReference.Service.HelloWorldCompleted">
	<remarks/>
</member><member name="E:UniquePMS.WebReference.Service.UploadFileCompleted">
	<remarks/>
</member><member name="E:UniquePMS.WebReference.Service.DownloadFileCompleted">
	<remarks/>
</member><member name="E:UniquePMS.WebReference.Service.DeleteFileCompleted">
	<remarks/>
</member><member name="E:UniquePMS.WebReference.Service.UploadFilesCompleted">
	<remarks/>
</member><member name="E:UniquePMS.WebReference.Service.DownloadFilesCompleted">
	<remarks/>
</member><member name="E:UniquePMS.WebReference.Service.DeleteFilesCompleted">
	<remarks/>
</member><member name="E:UniquePMS.WebReference.Service.UploadDirFilesCompleted">
	<remarks/>
</member><member name="E:UniquePMS.WebReference.Service.GetDataTableBySqlCompleted">
	<remarks/>
</member><member name="E:UniquePMS.WebReference.Service.ExcelSqlCompleted">
	<remarks/>
</member><member name="M:UniquePMS.WebReference.Service.HelloWorld">
	<remarks/>
</member><member name="M:UniquePMS.WebReference.Service.HelloWorldAsync">
	<remarks/>
</member><member name="M:UniquePMS.WebReference.Service.HelloWorldAsync(System.Object)">
	<remarks/>
</member><member name="M:UniquePMS.WebReference.Service.UploadFile(System.Byte[],System.String)">
	<remarks/>
</member><member name="M:UniquePMS.WebReference.Service.UploadFileAsync(System.Byte[],System.String)">
	<remarks/>
</member><member name="M:UniquePMS.WebReference.Service.UploadFileAsync(System.Byte[],System.String,System.Object)">
	<remarks/>
</member><member name="M:UniquePMS.WebReference.Service.DownloadFile(System.String)">
	<remarks/>
</member><member name="M:UniquePMS.WebReference.Service.DownloadFileAsync(System.String)">
	<remarks/>
</member><member name="M:UniquePMS.WebReference.Service.DownloadFileAsync(System.String,System.Object)">
	<remarks/>
</member><member name="M:UniquePMS.WebReference.Service.DeleteFile(System.String)">
	<remarks/>
</member><member name="M:UniquePMS.WebReference.Service.DeleteFileAsync(System.String)">
	<remarks/>
</member><member name="M:UniquePMS.WebReference.Service.DeleteFileAsync(System.String,System.Object)">
	<remarks/>
</member><member name="M:UniquePMS.WebReference.Service.UploadFiles(System.Byte[],System.String,System.String)">
	<remarks/>
</member><member name="M:UniquePMS.WebReference.Service.UploadFilesAsync(System.Byte[],System.String,System.String)">
	<remarks/>
</member><member name="M:UniquePMS.WebReference.Service.UploadFilesAsync(System.Byte[],System.String,System.String,System.Object)">
	<remarks/>
</member><member name="M:UniquePMS.WebReference.Service.DownloadFiles(System.String,System.String)">
	<remarks/>
</member><member name="M:UniquePMS.WebReference.Service.DownloadFilesAsync(System.String,System.String)">
	<remarks/>
</member><member name="M:UniquePMS.WebReference.Service.DownloadFilesAsync(System.String,System.String,System.Object)">
	<remarks/>
</member><member name="M:UniquePMS.WebReference.Service.DeleteFiles(System.String,System.String)">
	<remarks/>
</member><member name="M:UniquePMS.WebReference.Service.DeleteFilesAsync(System.String,System.String)">
	<remarks/>
</member><member name="M:UniquePMS.WebReference.Service.DeleteFilesAsync(System.String,System.String,System.Object)">
	<remarks/>
</member><member name="M:UniquePMS.WebReference.Service.UploadDirFiles(System.Byte[],System.String,System.String,System.String)">
	<remarks/>
</member><member name="M:UniquePMS.WebReference.Service.UploadDirFilesAsync(System.Byte[],System.String,System.String,System.String)">
	<remarks/>
</member><member name="M:UniquePMS.WebReference.Service.UploadDirFilesAsync(System.Byte[],System.String,System.String,System.String,System.Object)">
	<remarks/>
</member><member name="M:UniquePMS.WebReference.Service.GetDataTableBySql(System.String)">
	<remarks/>
</member><member name="M:UniquePMS.WebReference.Service.GetDataTableBySqlAsync(System.String)">
	<remarks/>
</member><member name="M:UniquePMS.WebReference.Service.GetDataTableBySqlAsync(System.String,System.Object)">
	<remarks/>
</member><member name="M:UniquePMS.WebReference.Service.ExcelSql(System.String)">
	<remarks/>
</member><member name="M:UniquePMS.WebReference.Service.ExcelSqlAsync(System.String)">
	<remarks/>
</member><member name="M:UniquePMS.WebReference.Service.ExcelSqlAsync(System.String,System.Object)">
	<remarks/>
</member><member name="M:UniquePMS.WebReference.Service.CancelAsync(System.Object)">
	<remarks/>
</member><member name="T:UniquePMS.WebReference.Service">
	<remarks/>
</member><member name="T:UniquePMS.WebReference.HelloWorldCompletedEventHandler">
	<remarks/>
</member><member name="P:UniquePMS.WebReference.HelloWorldCompletedEventArgs.Result">
	<remarks/>
</member><member name="T:UniquePMS.WebReference.HelloWorldCompletedEventArgs">
	<remarks/>
</member><member name="T:UniquePMS.WebReference.UploadFileCompletedEventHandler">
	<remarks/>
</member><member name="P:UniquePMS.WebReference.UploadFileCompletedEventArgs.Result">
	<remarks/>
</member><member name="T:UniquePMS.WebReference.UploadFileCompletedEventArgs">
	<remarks/>
</member><member name="T:UniquePMS.WebReference.DownloadFileCompletedEventHandler">
	<remarks/>
</member><member name="P:UniquePMS.WebReference.DownloadFileCompletedEventArgs.Result">
	<remarks/>
</member><member name="T:UniquePMS.WebReference.DownloadFileCompletedEventArgs">
	<remarks/>
</member><member name="T:UniquePMS.WebReference.DeleteFileCompletedEventHandler">
	<remarks/>
</member><member name="P:UniquePMS.WebReference.DeleteFileCompletedEventArgs.Result">
	<remarks/>
</member><member name="T:UniquePMS.WebReference.DeleteFileCompletedEventArgs">
	<remarks/>
</member><member name="T:UniquePMS.WebReference.UploadFilesCompletedEventHandler">
	<remarks/>
</member><member name="P:UniquePMS.WebReference.UploadFilesCompletedEventArgs.Result">
	<remarks/>
</member><member name="T:UniquePMS.WebReference.UploadFilesCompletedEventArgs">
	<remarks/>
</member><member name="T:UniquePMS.WebReference.DownloadFilesCompletedEventHandler">
	<remarks/>
</member><member name="P:UniquePMS.WebReference.DownloadFilesCompletedEventArgs.Result">
	<remarks/>
</member><member name="T:UniquePMS.WebReference.DownloadFilesCompletedEventArgs">
	<remarks/>
</member><member name="T:UniquePMS.WebReference.DeleteFilesCompletedEventHandler">
	<remarks/>
</member><member name="P:UniquePMS.WebReference.DeleteFilesCompletedEventArgs.Result">
	<remarks/>
</member><member name="T:UniquePMS.WebReference.DeleteFilesCompletedEventArgs">
	<remarks/>
</member><member name="T:UniquePMS.WebReference.UploadDirFilesCompletedEventHandler">
	<remarks/>
</member><member name="P:UniquePMS.WebReference.UploadDirFilesCompletedEventArgs.Result">
	<remarks/>
</member><member name="T:UniquePMS.WebReference.UploadDirFilesCompletedEventArgs">
	<remarks/>
</member><member name="T:UniquePMS.WebReference.GetDataTableBySqlCompletedEventHandler">
	<remarks/>
</member><member name="P:UniquePMS.WebReference.GetDataTableBySqlCompletedEventArgs.Result">
	<remarks/>
</member><member name="T:UniquePMS.WebReference.GetDataTableBySqlCompletedEventArgs">
	<remarks/>
</member><member name="T:UniquePMS.WebReference.ExcelSqlCompletedEventHandler">
	<remarks/>
</member><member name="P:UniquePMS.WebReference.ExcelSqlCompletedEventArgs.Result">
	<remarks/>
</member><member name="T:UniquePMS.WebReference.ExcelSqlCompletedEventArgs">
	<remarks/>
</member><member name="P:UniquePMS.My.Resources.Resources.ResourceManager">
	<summary>
  返回此类使用的缓存 ResourceManager 实例。
</summary>
</member><member name="P:UniquePMS.My.Resources.Resources.Culture">
	<summary>
  为使用此强类型资源类的所有资源查找
  重写当前线程的 CurrentUICulture 属性。
</summary>
</member><member name="T:UniquePMS.My.Resources.Resources">
	<summary>
  强类型资源类，用于查找本地化字符串等。
</summary>
</member><member name="M:UniquePMS.frmInStock.LoadUniqueData">
	<summary>
 取到来源数据
 </summary>
	<remarks></remarks>
</member><member name="M:UniquePMS.frmInStock.LoadAndyData(System.String)">
	<summary>
 读取已导的数据
 </summary>
	<param name="strOrder"></param>
	<remarks></remarks>
</member><member name="M:UniquePMS.frmOutStockQuery.LoadAndyData(System.String)">
	<summary>
 读取已导的数据
 </summary>
	<param name="strOrder"></param>
	<remarks></remarks>
</member><member name="M:UniquePMS.frmZztzd.LoadAndyData(System.String)">
	<summary>
 读取已导的数据
 </summary>
	<param name="strOrder"></param>
	<remarks></remarks>
</member>
</members>
</doc>